{
    "01-01": 48.3,
    "01-02": 24.9,
    "01-03": 21.45,
    "01-04": 29.25,
    "01-05": 29.05,
    "01-06": 31.75,
    "01-07": 29.95,
    "01-08": 18.15,
    "01-09": 14.950000000000001,
    "01-10": 21.0,
    "01-11": 19.9,
    "01-12": 34.3,
    "01-13": 40.6,
    "01-14": 33.9,
    "01-15": 22.1,
    "01-16": 33.4,
    "01-17": 41.6,
    "01-18": 34.7,
    "01-19": 38.099999999999994,
    "01-20": 48.05,
    "01-21": 36.35,
    "01-22": 29.700000000000003,
    "01-23": 34.7,
    "01-24": 33.45,
    "01-25": 25.05,
    "01-26": 30.849999999999998,
    "01-27": 32.65,
    "01-28": 30.049999999999997,
    "01-29": 26.45,
    "01-30": 26.549999999999997,
    "01-31": 26.35,
    "02-01": 14.05,
    "02-02": 20.25,
    "02-03": 35.05,
    "02-04": 31.2,
    "02-05": 17.8,
    "02-06": 26.1,
    "02-07": 33.65,
    "02-08": 20.2,
    "02-09": 17.6,
    "02-10": 11.350000000000001,
    "02-11": 24.450000000000003,
    "02-12": 36.8,
    "02-13": 29.900000000000002,
    "02-14": 35.65,
    "02-15": 55.5,
    "02-16": 44.65,
    "02-17": 30.65,
    "02-18": 32.75,
    "02-19": 25.0,
    "02-20": 31.25,
    "02-21": 45.150000000000006,
    "02-22": 52.3,
    "02-23": 60.9,
    "02-24": 54.7,
    "02-25": 44.3,
    "02-26": 35.65,
    "02-27": 38.85,
    "02-28": 45.95,
    "03-01": 51.0,
    "03-02": 50.75,
    "03-03": 55.95,
    "03-04": 58.25,
    "03-05": 44.75,
    "03-06": 43.65,
    "03-07": 47.45,
    "03-08": 42.3,
    "03-09": 47.15,
    "03-10": 46.150000000000006,
    "03-11": 35.7,
    "03-12": 44.95,
    "03-13": 51.65,
    "03-14": 48.65,
    "03-15": 37.3,
    "03-16": 40.7,
    "03-17": 51.2,
    "03-18": 58.9,
    "03-19": 61.2,
    "03-20": 62.3,
    "03-21": 62.65,
    "03-22": 62.75,
    "03-23": 63.05,
    "03-24": 48.7,
    "03-25": 34.45,
    "03-26": 39.55,
    "03-27": 43.900000000000006,
    "03-28": 58.2,
    "03-29": 62.7,
    "03-30": 63.300000000000004,
    "03-31": 63.7,
    "04-01": 64.75,
    "04-02": 63.75,
    "04-03": 52.3,
    "04-04": 55.45,
    "04-05": 52.9,
    "04-06": 47.6,
    "04-07": 51.300000000000004,
    "04-08": 59.45,
    "04-09": 51.650000000000006,
    "04-10": 48.3,
    "04-11": 61.599999999999994,
    "04-12": 67.55,
    "04-13": 61.45,
    "04-14": 54.9,
    "04-15": 57.7,
    "04-16": 55.85,
    "04-17": 56.2,
    "04-18": 57.25,
    "04-19": 58.45,
    "04-20": 62.7,
    "04-21": 65.95,
    "04-22": 63.599999999999994,
    "04-23": 63.45,
    "04-24": 62.7,
    "04-25": 64.9,
    "04-26": 62.55,
    "04-27": 56.3,
    "04-28": 53.1,
    "04-29": 52.25,
    "04-30": 58.8,
    "05-01": 58.9,
    "05-02": 63.5,
    "05-03": 65.9,
    "05-04": 62.3,
    "05-05": 56.95,
    "05-06": 61.7,
    "05-07": 68.05000000000001,
    "05-08": 72.2,
    "05-09": 72.69999999999999,
    "05-10": 74.05000000000001,
    "05-11": 74.6,
    "05-12": 68.25,
    "05-13": 60.65,
    "05-14": 61.25,
    "05-15": 66.19999999999999,
    "05-16": 61.900000000000006,
    "05-17": 63.5,
    "05-18": 67.25,
    "05-19": 70.6,
    "05-20": 73.1,
    "05-21": 69.6,
    "05-22": 68.44999999999999,
    "05-23": 68.35,
    "05-24": 60.75,
    "05-25": 56.15,
    "05-26": 57.849999999999994,
    "05-27": 65.1,
    "05-28": 68.0,
    "05-29": 69.25,
    "05-30": 70.35,
    "05-31": 72.69999999999999,
    "06-01": 73.45,
    "06-02": 73.0,
    "06-03": 69.4,
    "06-04": 68.8,
    "06-05": 70.15,
    "06-06": 73.2,
    "06-07": 76.2,
    "06-08": 79.35,
    "06-09": 79.45,
    "06-10": 79.15,
    "06-11": 66.30000000000001,
    "06-12": 69.05000000000001,
    "06-13": 71.65,
    "06-14": 73.6,
    "06-15": 73.1,
    "06-16": 72.75,
    "06-17": 75.9,
    "06-18": 78.94999999999999,
    "06-19": 80.05,
    "06-20": 79.8,
    "06-21": 77.44999999999999,
    "06-22": 78.6,
    "06-23": 80.05,
    "06-24": 71.7,
    "06-25": 67.45,
    "06-26": 68.4,
    "06-27": 72.85,
    "06-28": 75.4,
    "06-29": 75.75,
    "06-30": 73.4,
    "07-01": 75.7,
    "07-02": 75.05000000000001,
    "07-03": 80.2,
    "07-04": 83.05000000000001,
    "07-05": 76.7,
    "07-06": 74.05,
    "07-07": 72.75,
    "07-08": 72.75,
    "07-09": 72.0,
    "07-10": 74.4,
    "07-11": 73.35,
    "07-12": 72.0,
    "07-13": 77.85,
    "07-14": 80.0,
    "07-15": 80.1,
    "07-16": 81.35,
    "07-17": 79.5,
    "07-18": 77.0,
    "07-19": 75.9,
    "07-20": 74.44999999999999,
    "07-21": 74.7,
    "07-22": 77.65,
    "07-23": 77.25,
    "07-24": 78.3,
    "07-25": 76.75,
    "07-26": 77.35,
    "07-27": 78.75,
    "07-28": 79.15,
    "07-29": 78.0,
    "07-30": 81.19999999999999,
    "07-31": 82.15,
    "08-01": 78.80000000000001,
    "08-02": 76.55000000000001,
    "08-03": 77.8,
    "08-04": 77.85,
    "08-05": 80.65,
    "08-06": 81.35,
    "08-07": 82.45,
    "08-08": 84.80000000000001,
    "08-09": 83.05000000000001,
    "08-10": 82.55,
    "08-11": 77.3,
    "08-12": 70.45,
    "08-13": 70.4,
    "08-14": 73.3,
    "08-15": 72.25,
    "08-16": 68.3,
    "08-17": 71.45,
    "08-18": 78.55,
    "08-19": 81.25,
    "08-20": 82.45,
    "08-21": 79.3,
    "08-22": 78.9,
    "08-23": 75.15,
    "08-24": 76.5,
    "08-25": 73.05,
    "08-26": 73.8,
    "08-27": 76.15,
    "08-28": 77.05000000000001,
    "08-29": 78.2,
    "08-30": 77.75,
    "08-31": 77.55,
    "09-01": 77.65,
    "09-02": 76.9,
    "09-03": 76.19999999999999,
    "09-04": 78.25,
    "09-05": 78.5,
    "09-06": 77.1,
    "09-07": 74.7,
    "09-08": 68.55,
    "09-09": 66.65,
    "09-10": 69.4,
    "09-11": 72.65,
    "09-12": 74.55,
    "09-13": 75.05,
    "09-14": 68.5,
    "09-15": 62.599999999999994,
    "09-16": 64.55000000000001,
    "09-17": 70.25,
    "09-18": 68.05,
    "09-19": 70.3,
    "09-20": 67.5,
    "09-21": 69.5,
    "09-22": 65.25,
    "09-23": 61.150000000000006,
    "09-24": 63.3,
    "09-25": 66.85,
    "09-26": 67.5,
    "09-27": 67.45,
    "09-28": 70.25,
    "09-29": 69.30000000000001,
    "09-30": 70.15,
    "10-01": 69.2,
    "10-02": 65.3,
    "10-03": 64.5,
    "10-04": 60.75,
    "10-05": 52.8,
    "10-06": 60.35,
    "10-07": 57.3,
    "10-08": 65.2,
    "10-09": 64.2,
    "10-10": 49.25,
    "10-11": 57.5,
    "10-12": 64.65,
    "10-13": 56.55,
    "10-14": 48.099999999999994,
    "10-15": 55.5,
    "10-16": 61.0,
    "10-17": 63.35,
    "10-18": 65.3,
    "10-19": 67.9,
    "10-20": 71.05,
    "10-21": 73.0,
    "10-22": 73.44999999999999,
    "10-23": 56.25,
    "10-24": 47.55,
    "10-25": 49.8,
    "10-26": 50.2,
    "10-27": 58.15,
    "10-28": 58.95,
    "10-29": 58.599999999999994,
    "10-30": 64.85,
    "10-31": 67.35,
    "11-01": 61.0,
    "11-02": 50.7,
    "11-03": 46.849999999999994,
    "11-04": 48.2,
    "11-05": 50.2,
    "11-06": 51.6,
    "11-07": 47.35,
    "11-08": 48.55,
    "11-09": 54.1,
    "11-10": 53.45,
    "11-11": 40.900000000000006,
    "11-12": 42.900000000000006,
    "11-13": 42.35,
    "11-14": 40.95,
    "11-15": 44.4,
    "11-16": 49.25,
    "11-17": 52.6,
    "11-18": 52.3,
    "11-19": 55.55,
    "11-20": 63.35,
    "11-21": 61.5,
    "11-22": 63.1,
    "11-23": 54.5,
    "11-24": 47.35,
    "11-25": 51.7,
    "11-26": 52.650000000000006,
    "11-27": 52.150000000000006,
    "11-28": 49.35,
    "11-29": 36.05,
    "11-30": 31.35,
    "12-01": 36.8,
    "12-02": 31.1,
    "12-03": 32.95,
    "12-04": 39.05,
    "12-05": 45.2,
    "12-06": 46.25,
    "12-07": 43.5,
    "12-08": 39.95,
    "12-09": 39.9,
    "12-10": 46.4,
    "12-11": 54.05,
    "12-12": 57.5,
    "12-13": 44.4,
    "12-14": 36.2,
    "12-15": 39.9,
    "12-16": 44.599999999999994,
    "12-17": 30.049999999999997,
    "12-18": 31.45,
    "12-19": 38.900000000000006,
    "12-20": 41.5,
    "12-21": 44.6,
    "12-22": 50.25,
    "12-23": 54.1,
    "12-24": 53.9,
    "12-25": 43.35,
    "12-26": 39.75,
    "12-27": 39.4,
    "12-28": 40.15,
    "12-29": 42.35,
    "12-30": 45.75,
    "12-31": 41.9,
    "02-29": 59.1
}